{"acc": [0.5040357142857143, 0.5576071428571429, 0.6063214285714286, 0.6476071428571428, 0.6996071428571429, 0.7497142857142857, 0.7812857142857143, 0.8033214285714285, 0.8248571428571428, 0.8388214285714286, 0.8502857142857143, 0.8599642857142857, 0.86875], "loss": [0.6953094013759068, 0.6845068633896964, 0.6509116289956229, 0.6121994711671557, 0.5595215675149645, 0.49604396748542784, 0.4471569229704993, 0.4061889841726848, 0.3743668899876731, 0.34695438734122686, 0.32204356453248434, 0.30449477660655977, 0.2854254824944905], "val_acc": [0.5070833333333333, 0.53125, 0.5365, 0.5414166666666667, 0.5474166666666667, 0.55425, 0.5530833333333334, 0.5603333333333333, 0.5583333333333333, 0.5654166666666667, 0.5598333333333333, 0.5589166666666666, 0.5623333333333334], "val_loss": [0.6943761075337728, 0.6922153698603312, 0.7045012752215067, 0.7160067472457886, 0.7527201005617777, 0.7918225944836934, 0.855813140074412, 0.9233552358945211, 0.9359244369665781, 1.0002109648386637, 1.082801921526591, 1.1024751040140788, 1.1601888988018036]}