{
    "acc": [
        0.5041428571428571,
        0.5081428571428571,
        0.5032142857142857,
        0.5033928571428572,
        0.5132923221235242

    ],
    "val_loss": [
        0.7054731740951538,
        0.6948633785247803,
        0.6938099765777588,
        0.6932740772565206
    ],
    "loss": [
        0.7834318255015782,
        0.6985403827258518,
        0.6940943709100996,
        0.6933569201060704,
        0.7054893034948593
    ],
    "val_acc": [
        0.506522222,
        0.49883333333333335,
        0.49375,
        0.5011666666666666,
        0.5137523,
        0.52821,
        0.5032142857142857,
        0.5133928571428572,
        0.48374
    ]
}