{"val_loss": [0.8144599032402039, 0.7075532069206237, 0.7159942173957825, 0.7510389331181844, 0.7863796223004659, 0.8443381225268046, 0.8346566640535991, 0.9021584782600403, 0.9026347007751465, 0.9357262469132741, 0.9658075874646505, 1.0064845685958863, 1.0397250490188599, 1.0387902541160583, 1.1308856088320414, 1.1313671474456788, 1.1583711069424947, 1.229361009756724, 1.2325348833402], "loss": [1.4399369555882044, 0.7367996856144496, 0.6915596754891532, 0.6775575934137616, 0.6568143259116581, 0.6120819337368012, 0.5691832327842712, 0.5259856548990522, 0.49573404475620814, 0.4678120755808694, 0.4458864041566849, 0.42350784632137844, 0.4080416484219687, 0.3949047065462385, 0.38566467448643277, 0.37306241078036173, 0.3635545837538583, 0.3553359280739512, 0.34798586540562765], "acc": [0.49560714285714286, 0.5430357142857143, 0.59625, 0.613, 0.6477142857142857, 0.6885357142857143, 0.7227142857142858, 0.7528571428571429, 0.7689642857142858, 0.7804285714285715, 0.7893571428571429, 0.8010357142857143, 0.8068928571428572, 0.8138928571428572, 0.8136428571428571, 0.8227142857142857, 0.8285, 0.8310357142857143, 0.8336428571428571], "val_acc": [0.5155, 0.5189166666666667, 0.5188333333333334, 0.5294166666666666, 0.53425, 0.5369166666666667, 0.5405, 0.5443333333333333, 0.54025, 0.543, 0.5454166666666667, 0.5486666666666666, 0.5470833333333334, 0.5488333333333333, 0.5485, 0.5533333333333333, 0.5445, 0.54775, 0.5465833333333333]}